unknown,1,2024-05-18T04:04:53.368580,Sports Analytics,unknown,102.211.142.2
unknown,1,2024-05-18T04:05:00.957610,Sports Analytics,unknown,102.211.142.2
unknown,1,2024-05-18T04:06:41.251102,Sports Analytics,unknown,102.211.142.2
unknown,1,2024-05-18T04:06:46.539160,Sports Analytics,unknown,102.211.142.2
unknown,1,2024-05-18T04:08:17.703687,Sports Analytics,unknown,102.211.142.2
unknown,1,2024-05-18T04:08:24.032948,Sports Analytics,unknown,102.211.142.2
unknown,1,2024-05-18T04:11:53.774066,Sports Analytics,unknown,102.211.142.2
unknown,1,2024-05-18T04:12:08.802010,Sports Analytics,unknown,102.211.142.2
unknown,1,2024-05-18T04:12:18.159141,Sports Analytics,unknown,102.211.142.2
unknown,1,2024-05-18T04:12:23.631633,Sports Analytics,unknown,102.211.142.2
unknown,1,2024-05-18T04:12:39.504380,Sports Analytics,unknown,102.211.142.2
unknown,1,2024-05-18T04:12:42.572953,Sports Analytics,unknown,102.211.142.2
unknown,1,2024-05-18T04:15:10.945809,Sports Analytics,unknown,102.211.142.2
Botswana,1,2024-05-18T04:15:20.176208,Sports Analytics,unknown,102.211.142.2
unknown,1,2024-05-18T04:15:31.489174,Sports Analytics,unknown,102.211.142.2
Botswana,1,2024-05-18T04:17:06.850817,Sports Analytics,unknown,102.211.142.2
Botswana,1,2024-05-18T04:17:12.932220,Sports Analytics,unknown,102.211.142.2
unknown,1,2024-05-18T04:17:16.071992,Sports Analytics,unknown,102.211.142.2
unknown,1,2024-05-18T04:17:22.337464,Sports Analytics,unknown,102.211.142.2
unknown,1,2024-05-18T04:17:35.823937,Sports Analytics,unknown,102.211.142.2
unknown,1,2024-05-18T04:17:38.984546,Sports Analytics,unknown,102.211.142.2
Botswana,1,2024-05-18T04:19:46.438489,Sports Analytics,unknown,102.211.142.2
Botswana,1,2024-05-18T04:19:56.605512,Sports Analytics,unknown,102.211.142.2
Botswana,1,2024-05-18T04:20:08.905076,Sports Analytics,unknown,102.211.142.2
Botswana,1,2024-05-18T04:20:13.813164,Sports Analytics,unknown,102.211.142.2
Botswana,1,2024-05-18T04:20:21.998621,Sports Analytics,unknown,102.211.142.2
Botswana,1,2024-05-18T04:20:44.953244,Sports Analytics,unknown,102.211.142.2
Botswana,1,2024-05-18T04:22:00.442949,Sports Analytics,unknown,102.211.142.2
Botswana,1,2024-05-18T04:22:11.517982,Sports Analytics,unknown,102.211.142.2
unknown,1,2024-05-18T04:23:03.960903,Sports Analytics,unknown,102.211.142.2
unknown,1,2024-05-18T04:23:08.877088,Sports Analytics,unknown,102.211.142.2
unknown,1,2024-05-18T04:23:16.980017,Sports Analytics,unknown,102.211.142.2
unknown,1,2024-05-18T04:23:20.185003,Sports Analytics,unknown,102.211.142.2
unknown,1,2024-05-18T04:23:25.820950,Sports Analytics,unknown,102.211.142.2
Botswana,1,2024-05-18T04:23:29.204866,Sports Analytics,unknown,102.211.142.2
Botswana,1,2024-05-18T04:23:47.723645,Sports Analytics,unknown,102.211.142.2
Botswana,1,2024-05-18T04:24:16.086181,Sports Analytics,unknown,102.211.142.2
unknown,1,2024-05-18T04:24:27.449552,Sports Analytics,unknown,102.211.142.2
unknown,1,2024-05-18T04:24:32.536858,Sports Analytics,unknown,102.211.142.2
unknown,1,2024-05-18T04:24:38.374960,Sports Analytics,unknown,102.211.142.2
unknown,1,2024-05-18T04:24:43.108928,Sports Analytics,unknown,102.211.142.2
unknown,1,2024-05-18T04:24:49.692345,Sports Analytics,unknown,102.211.142.2
unknown,1,2024-05-18T04:26:32.663672,Sports Analytics,unknown,102.211.142.2
unknown,1,2024-05-18T04:26:38.939703,Sports Analytics,unknown,102.211.142.2
unknown,1,2024-05-18T04:26:43.423764,Sports Analytics,unknown,102.211.142.2
Botswana,1,2024-05-18T04:26:47.517950,Sports Analytics,unknown,102.211.142.2
unknown,1,2024-05-18T04:26:50.427688,Sports Analytics,unknown,102.211.142.2
unknown,1,2024-05-18T04:27:00.209206,Sports Analytics,unknown,102.211.142.2
Botswana,1,2024-05-18T04:28:03.787497,Sports Analytics,unknown,102.211.142.2
unknown,1,2024-05-18T04:30:42.649132,Sports Analytics,unknown,102.211.142.2
unknown,1,2024-05-18T04:33:29.762621,Sports Analytics,unknown,102.211.142.2
unknown,1,2024-05-18T04:33:37.043816,Sports Analytics,unknown,102.211.142.2
unknown,1,2024-05-18T04:33:42.765509,Sports Analytics,unknown,102.211.142.2
unknown,1,2024-05-18T04:33:46.538645,Sports Analytics,unknown,102.211.142.2
unknown,1,2024-05-18T04:33:54.650744,Sports Analytics,unknown,102.211.142.2
unknown,1,2024-05-18T04:34:03.442632,Sports Analytics,unknown,102.211.142.2
unknown,1,2024-05-18T04:36:46.057923,Sports Analytics,unknown,102.211.142.2
unknown,1,2024-05-18T04:36:52.674772,Sports Analytics,unknown,102.211.142.2
unknown,1,2024-05-18T04:36:59.125991,Sports Analytics,unknown,102.211.142.2
unknown,1,2024-05-18T04:37:03.764440,Sports Analytics,unknown,102.211.142.2
unknown,1,2024-05-18T04:37:10.828389,Sports Analytics,unknown,102.211.142.2
unknown,1,2024-05-18T04:37:17.816347,Sports Analytics,unknown,102.211.142.2
unknown,1,2024-05-18T04:37:36.854245,Sports Analytics,unknown,102.211.142.2
unknown,1,2024-05-18T04:41:08.821963,Sports Analytics,unknown,102.211.142.2
unknown,1,2024-05-18T04:41:15.275439,Sports Analytics,unknown,102.211.142.2
unknown,1,2024-05-18T04:41:22.714639,Sports Analytics,unknown,102.211.142.2
unknown,1,2024-05-18T04:41:25.863159,Sports Analytics,unknown,102.211.142.2
unknown,1,2024-05-18T04:41:30.628930,Sports Analytics,unknown,102.211.142.2
unknown,1,2024-05-18T04:41:38.958210,Sports Analytics,unknown,102.211.142.2
unknown,1,2024-05-18T04:41:47.382308,Sports Analytics,unknown,102.211.142.2
unknown,1,2024-05-18T04:43:34.099053,Sports Analytics,unknown,102.211.142.2
unknown,1,2024-05-18T04:43:47.752068,Sports Analytics,unknown,102.211.142.2
unknown,1,2024-05-18T04:44:41.249100,Sports Analytics,unknown,102.211.142.2
unknown,1,2024-05-18T04:44:59.153985,Sports Analytics,unknown,102.211.142.2
unknown,1,2024-05-18T04:45:06.054018,Sports Analytics,unknown,102.211.142.2
unknown,1,2024-05-18T04:45:11.711299,Sports Analytics,unknown,102.211.142.2
unknown,1,2024-05-18T04:45:16.628814,Sports Analytics,unknown,102.211.142.2
unknown,1,2024-05-18T04:45:18.764987,Sports Analytics,unknown,102.211.142.2
unknown,1,2024-05-18T04:45:23.397985,Sports Analytics,unknown,102.211.142.2
unknown,1,2024-05-18T04:45:26.323884,Sports Analytics,unknown,102.211.142.2
unknown,1,2024-05-18T04:45:30.623428,Sports Analytics,unknown,102.211.142.2
unknown,1,2024-05-18T04:45:38.427793,Sports Analytics,unknown,102.211.142.2
unknown,1,2024-05-18T04:45:44.731227,Sports Analytics,unknown,102.211.142.2
unknown,1,2024-05-18T04:45:55.209112,Sports Analytics,unknown,102.211.142.2
unknown,1,2024-05-18T04:46:04.210750,Sports Analytics,unknown,102.211.142.2
unknown,1,2024-05-18T04:46:10.589136,Sports Analytics,unknown,102.211.142.2
unknown,1,2024-05-18T04:46:26.496657,Sports Analytics,unknown,102.211.142.2
unknown,1,2024-05-18T04:46:38.514062,Sports Analytics,unknown,102.211.142.2
unknown,1,2024-05-18T05:04:47.237188,Sports Analytics,unknown,102.211.142.2
unknown,1,2024-05-18T05:05:49.552016,Sports Analytics,unknown,102.211.142.2
unknown,1,2024-05-18T05:05:54.750212,Sports Analytics,unknown,102.211.142.2
unknown,1,2024-05-18T05:05:58.309131,Sports Analytics,unknown,102.211.142.2
unknown,1,2024-05-18T05:06:04.840337,Sports Analytics,unknown,102.211.142.2
unknown,1,2024-05-18T05:06:36.788484,Sports Analytics,unknown,102.211.142.2
unknown,1,2024-05-18T05:06:41.259227,Sports Analytics,unknown,102.211.142.2
unknown,1,2024-05-18T05:06:46.486378,Sports Analytics,unknown,102.211.142.2
unknown,1,2024-05-18T05:06:50.071134,Sports Analytics,unknown,102.211.142.2
Botswana,1,2024-05-18T05:26:14.827253,Sports Analytics,unknown,102.211.142.2
unknown,1,2024-05-18T05:26:25.291188,Sports Analytics,unknown,102.211.142.2
Botswana,1,2024-05-18T05:26:25.895329,Sports Analytics,unknown,102.211.142.2
unknown,1,2024-05-18T05:26:28.913168,Sports Analytics,unknown,102.211.142.2
Botswana,1,2024-05-18T05:26:33.329435,Sports Analytics,unknown,102.211.142.2
Botswana,1,2024-05-18T05:26:39.392752,Sports Analytics,unknown,102.211.142.2
unknown,1,2024-05-18T05:38:39.561395,Sports Analytics,unknown,102.211.142.2
unknown,1,2024-05-18T05:38:49.689855,Sports Analytics,unknown,102.211.142.2
unknown,1,2024-05-18T05:39:00.191098,Sports Analytics,unknown,102.211.142.2
unknown,1,2024-05-18T05:39:01.223897,Sports Analytics,unknown,102.211.142.2
unknown,1,2024-05-18T05:39:09.089378,Sports Analytics,unknown,102.211.142.2
unknown,1,2024-05-18T05:40:44.184751,Sports Analytics,unknown,102.211.142.2
unknown,1,2024-05-18T05:42:08.154067,Sports Analytics,unknown,102.211.142.2
unknown,1,2024-05-18T05:42:18.116544,Sports Analytics,unknown,102.211.142.2
unknown,1,2024-05-18T05:42:25.632658,Sports Analytics,unknown,102.211.142.2
unknown,1,2024-05-18T05:42:31.748640,Sports Analytics,unknown,102.211.142.2
unknown,1,2024-05-18T05:45:37.843359,Sports Analytics,unknown,102.211.142.2
unknown,1,2024-05-18T05:45:48.856811,Sports Analytics,unknown,102.211.142.2
unknown,1,2024-05-18T05:45:52.508060,Sports Analytics,unknown,102.211.142.2
unknown,1,2024-05-18T05:45:57.242305,Sports Analytics,unknown,102.211.142.2
unknown,1,2024-05-18T05:46:39.164325,Sports Analytics,unknown,102.211.142.2
unknown,1,2024-05-18T05:47:03.456715,Sports Analytics,unknown,102.211.142.2
unknown,1,2024-05-18T05:47:07.651250,Sports Analytics,unknown,102.211.142.2
unknown,1,2024-05-18T05:47:11.318991,Sports Analytics,unknown,102.211.142.2
unknown,1,2024-05-18T05:50:17.840710,Sports Analytics,unknown,102.211.142.2
unknown,1,2024-05-18T05:50:24.269622,Sports Analytics,unknown,102.211.142.2
unknown,1,2024-05-18T05:50:27.805497,Sports Analytics,unknown,102.211.142.2
unknown,1,2024-05-18T05:50:32.997996,Sports Analytics,unknown,102.211.142.2
unknown,1,2024-05-18T05:50:46.639188,Sports Analytics,unknown,102.211.142.2
unknown,1,2024-05-18T05:50:52.653787,Sports Analytics,unknown,102.211.142.2
unknown,1,2024-05-18T05:50:56.849658,Sports Analytics,unknown,102.211.142.2
unknown,1,2024-05-18T05:51:02.093082,Sports Analytics,unknown,102.211.142.2
unknown,1,2024-05-18T06:07:02.036573,Sports Analytics,unknown,102.211.142.2
unknown,1,2024-05-18T06:08:08.319290,Sports Analytics,unknown,102.211.142.2
unknown,1,2024-05-18T06:08:11.593566,Sports Analytics,unknown,102.211.142.2
unknown,1,2024-05-18T06:08:18.794386,Sports Analytics,unknown,102.211.142.2
unknown,1,2024-05-18T06:08:32.678604,Sports Analytics,unknown,102.211.142.2
unknown,1,2024-05-18T06:38:27.663682,Sports Analytics,unknown,102.211.142.2
unknown,1,2024-05-18T06:39:49.784757,Sports Analytics,unknown,102.211.142.2
unknown,1,2024-05-18T06:45:43.159721,Sports Analytics,unknown,102.211.142.2
unknown,1,2024-05-18T06:45:55.328689,Sports Analytics,unknown,102.211.142.2
unknown,1,2024-05-18T06:45:58.887911,Sports Analytics,unknown,102.211.142.2
unknown,1,2024-05-18T06:46:03.658870,Sports Analytics,unknown,102.211.142.2
unknown,1,2024-05-18T06:46:15.094074,Sports Analytics,unknown,102.211.142.2
unknown,1,2024-05-18T06:46:19.094394,Sports Analytics,unknown,102.211.142.2
unknown,1,2024-05-18T06:54:12.677781,Sports Analytics,unknown,102.211.142.2
unknown,1,2024-05-18T06:54:12.942715,Sports Analytics,unknown,102.211.142.2
unknown,1,2024-05-18T06:54:45.400451,Sports Analytics,unknown,102.211.142.2
unknown,1,2024-05-18T06:58:55.098923,Sports Analytics,unknown,102.211.142.2
unknown,1,2024-05-18T06:59:25.757710,Sports Analytics,unknown,102.211.142.2
unknown,1,2024-05-18T06:59:44.948286,Sports Analytics,unknown,102.211.142.2
unknown,1,2024-05-18T07:01:37.581713,Sports Analytics,unknown,102.211.142.2
unknown,1,2024-05-18T07:02:20.993184,Sports Analytics,unknown,102.211.142.2
unknown,1,2024-05-18T07:02:46.958276,Sports Analytics,unknown,102.211.142.2
unknown,1,2024-05-18T07:03:06.638234,Sports Analytics,unknown,102.211.142.2
unknown,1,2024-05-18T07:12:27.579386,Sports Analytics,unknown,102.211.142.2
unknown,1,2024-05-18T07:12:27.694052,Sports Analytics,unknown,102.211.142.2
unknown,1,2024-05-18T07:13:05.218711,Sports Analytics,unknown,102.211.142.2
unknown,1,2024-05-18T07:13:30.356425,Sports Analytics,unknown,102.211.142.2
unknown,1,2024-05-18T07:14:11.862447,Sports Analytics,unknown,102.211.142.2
unknown,1,2024-05-18T07:15:37.500657,Sports Analytics,unknown,102.211.142.2
unknown,1,2024-05-18T07:16:10.131531,Sports Analytics,unknown,102.211.142.2
Botswana,1,2024-05-18T19:20:18.467179,Sports Analytics,unknown,102.211.142.2
unknown,1,2024-05-18T19:21:11.254850,Sports Analytics,unknown,102.211.142.2
unknown,1,2024-05-18T19:21:34.802197,Sports Analytics,unknown,102.211.142.2
unknown,1,2024-05-18T19:31:28.253400,Sports Analytics,unknown,102.211.142.2
unknown,1,2024-05-18T19:32:24.177915,Sports Analytics,unknown,102.211.142.2
Botswana,1,2024-05-18T19:56:22.947875,Sports Analytics,unknown,102.211.142.2
Botswana,1,2024-05-18T19:56:23.848870,Sports Analytics,unknown,102.211.142.2
Botswana,1,2024-05-18T19:56:52.815965,Sports Analytics,unknown,102.211.142.2
Botswana,1,2024-05-18T19:57:19.733818,Sports Analytics,unknown,102.211.142.2
Botswana,1,2024-05-18T20:00:05.454685,Sports Analytics,unknown,102.211.142.2
Botswana,1,2024-05-18T20:01:37.185882,Sports Analytics,unknown,102.211.142.2
Botswana,1,2024-05-18T20:02:29.628500,Sports Analytics,unknown,102.211.142.2
Botswana,1,2024-05-18T20:03:11.036460,Sports Analytics,unknown,102.211.142.2
Botswana,1,2024-05-18T20:18:21.862553,Sports Analytics,unknown,102.211.142.2
Botswana,1,2024-05-20T06:18:34.152083,Sports Analytics,unknown,102.211.142.2
Botswana,1,2024-05-20T06:19:04.222257,Sports Analytics,unknown,102.211.142.2
Botswana,1,2024-05-20T06:19:35.146175,Sports Analytics,unknown,102.211.142.2
unknown,unknown,Sports Analytics,Male,1,2024-05-20T06:22:15.042831,10,102.211.142.2
unknown,unknown,Sports Analytics,Female,1,2024-05-20T06:22:37.836112,10,102.211.142.2
unknown,unknown,Sports Analytics,Male,1,2024-05-20T06:23:05.723818,3,102.211.142.2
unknown,1,2024-05-20T06:24:58.494481,Sports Analytics,unknown,102.211.142.2
unknown,1,2024-05-20T06:26:54.670359,Sports Analytics,unknown,102.211.142.2
unknown,1,2024-05-20T06:31:09.637674,Sports Analytics,unknown,102.211.142.2
